Mno,First name,MI,Last name,DoB,Address,Status,msd,med,rdate,Phone,Email,Notes
500,Jake,Satoru,Carter,April 14 2000,1056 FMR,Platinum,January 01 2020,,June 13 2023,1234567890,a@a.a,poilong
501,Bake,Satoru,Carter,April 14 2000,1056 FMR,Platinum,January 01 2020,,June 13 2023,1234567890,a@a.a,poilong
502,Jake,Batoru,Warter,April 14 2000,1056 FMR,Platinum,January 01 2020,,June 13 2023,1234567890,a@a.a,poilong
503,Jake,Satoru,Barter,April 14 2000,1056 FMR,Platinum,January 01 2020,,June 13 2023,1234567890,a@a.a,poilong
504,Jake,Satoru,Parter,April 15 2000,1056 FMR,Platinum,January 01 2020,,June 13 2023,1234567890,a@a.a,poilong
505,Jake,Satoru,Karter,April 14 2000,1056 FML,Platinum,January 01 2020,,June 13 2023,1234567890,a@a.a,poilong
506,Jake,Satoru,Rarter,April 14 2000,1056 FMR,Silver,January 01 2020,,June 13 2023,1234567890,a@a.a,poilong
507,Jake,Satoru,Tarter,April 14 2000,1056 FMR,Platinum,January 02 2020,,June 13 2023,1234567890,a@a.a,poilong
508,Jake,Satoru,Farter,April 14 2000,1056 FMR,Platinum,January 01 2020,,June 14 2023,1234567890,a@a.a,poilong
509,Jake,Satoru,Garter,April 14 2000,1056 FMR,None,January 01 2020,June 14 2022,June 13 2023,1234567891,a@a.a,poilong
510,Jake,Satoru,Marter,April 14 2000,1056 FMR,Platinum,January 01 2020,,June 13 2023,1234567890,a@a.b,poilong
511,Jake,Satoru,Narter,April 14 2000,1056 FMR,None,January 01 2020,June 14 2022,June 13 2023,1234567890,a@a.a,loipong
512,Jake,Satoru,Cartel,April 14 2000,1056 FMR,Gold,January 01 2020,,June 14 2023,1234567890,a@a.a,poilong
513,Lake,Latoru,Larter,April 12 2000,1055555 FML,Gold,January 02 2020,,January 01 2024,8285750277,jimm456@gmail.com,loipong
514,Jake,Latoru,Larter,April 14 2000,1056 FML,None,January 01 2020,June 14 2022,June 13 2023,1234567891,a@a.b,loipong
